block_id,primary_type,latency_ms,llm_block_id,summary,root_cause,comparison_to_historical,anomaly_type_llm,confidence,confidence_label,mitigation_high,mitigation_medium,mitigation_low,error
blk_-2380425631987325831,duplicate_pattern,38263,blk_-2380425631987325831,"This block contains events that repeat in a way inconsistent with the normal pipeline flow. Unlike a retry storm, the repetitions are moderate — the system was unstable but did not fully break down into a continuous retry loop.","Possible causes: a client performed idempotent retries after a timeout without receiving acknowledgement, a race condition between two pipeline threads processing the same block simultaneously, or a partial network failure that caused some pipeline stages to be re-executed. This is supported by the repeated events E5, E26, E11, E9, E23, and E21.","Historical cases (Case 1, Case 2, Case 3) show similar patterns of duplicate events, indicating a recurring issue.",duplicate_pattern,0.87,high,Increase the timeout for idempotent retries to prevent unnecessary retries. | Implement a mechanism to detect and prevent race conditions between pipeline threads.,Monitor network failures and pipeline stage re-executions to identify potential causes. | Review client code to ensure it handles timeouts and acknowledgements correctly.,Verify that block metadata is updated correctly at the NameNode. | Check that DataNodes are receiving blocks correctly and terminating pipeline stages as expected.,
blk_8687300722271711987,duplicate_pattern,50242,blk_8687300722271711987,"This block contains events that repeat in a way inconsistent with the normal pipeline flow. Unlike a retry storm, the repetitions are moderate — the system was unstable but did not fully break down into a continuous retry loop.","A possible cause is a client performed idempotent retries after a timeout without receiving acknowledgement, a race condition between two pipeline threads processing the same block simultaneously, or a partial network failure that caused some pipeline stages to be re-executed. This is supported by events E5 (3x), E26 (3x), E11 (3x), E9 (3x), E4 (2x), E2 (3x), E23 (3x), and E21 (3x).","Historical cases (Case 1, Case 2, Case 3) show similar patterns of duplicate events, with varying numbers of events and different sequences. However, the current block's sequence is distinct from these cases.",duplicate_pattern,0.87,high,Increase the timeout for client retries to prevent idempotent retries. | Implement a mechanism to detect and prevent race conditions between pipeline threads.,Monitor network connectivity and pipeline performance to identify potential partial network failures. | Implement a more robust block deletion mechanism to prevent delete failures due to missing metadata.,Regularly review and update the EVENT REFERENCE descriptions to ensure they accurately reflect the current system behavior. | Consider implementing additional logging or monitoring to provide more detailed insights into pipeline events.,
blk_8012251783063320280,duplicate_pattern,22274,blk_8012251783063320280,"This block contains events that repeat in a way inconsistent with the normal pipeline flow. Unlike a retry storm, the repetitions are moderate — the system was unstable but did not fully break down into a continuous retry loop.","The root cause of this issue is likely a race condition between two pipeline threads processing the same block simultaneously, or a partial network failure that caused some pipeline stages to be re-executed. This is supported by the repeated events E5, E11, and E9, which indicate multiple attempts to receive and process the block.","Historical cases (Case 1, Case 2, Case 3) show similar patterns of duplicate events, indicating a recurring issue. The similarity in event sequences and latency suggests a systemic problem rather than a one-time anomaly.",duplicate_pattern,0.87,high,Increase the timeout for client retries to prevent idempotent retries from occurring. | Implement a mechanism to detect and prevent race conditions between pipeline threads.,Monitor pipeline stages for re-execution and investigate the root cause of the issue. | Review block metadata updates to ensure consistency across DataNodes.,Verify that block checksum verification is functioning correctly. | Check for any missing metadata that may be causing delete failures.,
blk_1144859527738276881,duplicate_pattern,52,blk_1144859527738276881,"This block contains events that repeat in a way inconsistent with the normal pipeline flow. Unlike a retry storm, the repetitions are moderate — the system was unstable but did not fully break down into a continuous retry loop.","Possible causes: a client performed idempotent retries after a timeout without receiving acknowledgement, a race condition between two pipeline threads processing the same block simultaneously, or a partial network failure that caused some pipeline stages to be re-executed. This is supported by the repeated events E5 (3x), E11 (3x), E9 (3x), and E26 (3x).","Historical cases (Case 1, Case 2, Case 3) show similar patterns of duplicate events, indicating a recurring issue.",duplicate_pattern,0.73,medium,Increase the timeout for idempotent retries to reduce the likelihood of duplicate events. | Implement a mechanism to detect and prevent race conditions between pipeline threads.,Monitor block sizes across DataNodes to detect inconsistencies caused by duplicate events. | Implement a duplicate event detection mechanism to alert administrators of potential issues.,Regularly review historical cases to identify recurring issues and implement preventative measures. | Consider implementing a more robust network failure detection mechanism to prevent partial failures.,
blk_8686401382491198120,duplicate_pattern,37280,blk_8686401382491198120,"This block contains events that repeat in a way inconsistent with the normal pipeline flow. Unlike a retry storm, the repetitions are moderate — the system was unstable but did not fully break down into a continuous retry loop.","Possible causes: a client performed idempotent retries after a timeout without receiving acknowledgement, a race condition between two pipeline threads processing the same block simultaneously, or a partial network failure that caused some pipeline stages to be re-executed. This is supported by the repeated events E5 (3x), E26 (3x), E11 (3x), E9 (3x), E23 (3x), and E21 (3x).","Historical cases (Case 1, Case 2, Case 3) show similar patterns of duplicate events, indicating a recurring issue.",duplicate_pattern,0.87,high,Increase the timeout for client retries to prevent idempotent retries. | Implement a mechanism to detect and prevent race conditions between pipeline threads.,Monitor network failures and implement redundancy to prevent partial network failures. | Regularly review and optimize pipeline stages to prevent re-execution.,Verify that block sizes are consistent across DataNodes by checking the block report. | Run a block validation task to detect and repair any inconsistencies.,
blk_8321243236616059836,high_latency,52046,blk_8321243236616059836,"This block took significantly longer to complete than a normal HDFS block operation. While the pipeline eventually finished, the excessive time indicates a bottleneck or stall somewhere in the execution.","Possible causes: network congestion between DataNodes causing pipeline stalls, disk I/O saturation on the writing DataNode slowing down block writes, JVM garbage collection stop-the-world pauses on a DataNode, or a DataNode under heavy CPU or memory pressure delaying packet processing. Event IDs E5, E9, E26, and E11 suggest that the pipeline was stalled multiple times, and E4 indicates that a DataNode was serving a block with an exception.","This block's latency is 1084x slower than the baseline, which is significantly higher than Case 2 (53019ms) and Case 3 (53026ms).",high_latency,0.93,high,Increase the number of DataNodes in the cluster to reduce network congestion and disk I/O saturation. | Monitor JVM garbage collection pauses and adjust the JVM settings to minimize stop-the-world pauses.,Check the CPU and memory usage of DataNodes and adjust the cluster configuration to ensure sufficient resources. | Verify that the block metadata is correctly updated at the NameNode.,Check the block deletion process and ensure that the block metadata is correctly updated at the NameNode. | Monitor the pipeline execution and identify any potential bottlenecks or stalls.,
blk_8520238754901860870,high_latency,51347,blk_8520238754901860870,"This block took significantly longer to complete than a normal HDFS block operation. While the pipeline eventually finished, the excessive time indicates a bottleneck or stall somewhere in the execution.","Possible causes: network congestion between DataNodes causing pipeline stalls, disk I/O saturation on the writing DataNode slowing down block writes, JVM garbage collection stop-the-world pauses on a DataNode, or a DataNode under heavy CPU or memory pressure delaying packet processing. Event IDs E5 (DataNode started receiving a new block), E11 (PacketResponder thread terminated), and E9 (DataNode finished receiving a block) suggest repeated retries and failed block transfers.",This block's latency (51347 ms) is higher than the historical average ( ~48 ms baseline).,high_latency,0.93,high,Increase DataNode memory to reduce JVM garbage collection pauses. | Monitor DataNode CPU and memory usage to identify potential bottlenecks.,Verify network connectivity between DataNodes and NameNode. | Check for any disk I/O saturation on the writing DataNode.,Check for any client-side timeouts or retries that may be contributing to the latency. | Verify that the DataNode is not under heavy CPU or memory pressure.,
blk_8722120357524151345,high_latency,50984,blk_8722120357524151345,"This block took significantly longer to complete than a normal HDFS block operation. While the pipeline eventually finished, the excessive time indicates a bottleneck or stall somewhere in the execution.","Possible causes: network congestion between DataNodes causing pipeline stalls, disk I/O saturation on the writing DataNode slowing down block writes, JVM garbage collection stop-the-world pauses on a DataNode, or a DataNode under heavy CPU or memory pressure delaying packet processing. Event E4: An exception occurred while a DataNode was serving a block — the read or transfer request failed. Event E11: The PacketResponder thread for a block terminated — can be normal (end of pipeline) or abnormal (failure mid-transfer).",Historical cases show similar high latency and duplicate pattern anomalies. Case 1: Block blk_8321243236616059836 had 27 events and 52046ms latency. Case 2: Block blk_-8710304328203225515 had 30 events and 53019ms latency. Case 3: Block blk_8626108898809473394 had 27 events and 53026ms latency.,high_latency,0.93,high,Increase DataNode memory to reduce JVM garbage collection pauses. | Monitor DataNode CPU and memory usage to identify potential bottlenecks.,Verify network connectivity between DataNodes and clients. | Check DataNode disk I/O saturation and adjust as necessary.,Review HDFS configuration for optimal block size and replication settings. | Monitor HDFS metrics for signs of network congestion or pipeline stalls.,
blk_6240020657057666020,high_latency,53125,blk_6240020657057666020,"This block took significantly longer to complete than a normal HDFS block operation. While the pipeline eventually finished, the excessive time indicates a bottleneck or stall somewhere in the execution.","Possible causes: network congestion between DataNodes causing pipeline stalls, disk I/O saturation on the writing DataNode slowing down block writes, JVM garbage collection stop-the-world pauses on a DataNode, or a DataNode under heavy CPU or memory pressure delaying packet processing. Event IDs E5, E11, and E9 indicate repeated pipeline starts and terminations, suggesting a stall. Event ID E4 indicates an exception while serving a block, which may be related to disk I/O saturation.",This block's latency (53125 ms) is higher than the historical average (48 ms). The event sequence and latency are similar to Case 1 (Block: blk_8321243236616059836) and Case 2 (Block: blk_-8710304328203225515).,high_latency,0.93,high,Increase DataNode memory to reduce JVM garbage collection pauses. | Monitor DataNode CPU and memory usage to identify potential bottlenecks.,Check network connectivity between DataNodes and clients. | Verify that DataNode disk I/O is not saturated.,Check NameNode block allocation and deletion logs for errors. | Verify that client retries are not causing idempotent issues.,
blk_-2601198341395425767,high_latency,53112,blk_-2601198341395425767,"This block took significantly longer to complete than a normal HDFS block operation. While the pipeline eventually finished, the excessive time indicates a bottleneck or stall somewhere in the execution.","Possible causes: network congestion between DataNodes causing pipeline stalls, disk I/O saturation on the writing DataNode slowing down block writes, JVM garbage collection stop-the-world pauses on a DataNode, or a DataNode under heavy CPU or memory pressure delaying packet processing. Event IDs E5, E11, and E26 indicate repeated start and termination of the pipeline, suggesting a stall or bottleneck.","This block's latency is significantly higher than the historical cases (Case 1: 53019ms, Case 2: 52046ms, Case 3: 53026ms).",high_latency,0.93,high,Increase the number of DataNodes in the cluster to reduce the load on individual nodes. | Monitor disk usage and I/O saturation on the writing DataNode to prevent disk I/O saturation.,Check for any network congestion between DataNodes and consider upgrading network infrastructure. | Monitor JVM garbage collection and adjust JVM settings to prevent stop-the-world pauses.,Verify that the client is not performing idempotent retries after a timeout without receiving acknowledgement. | Check for any partial network failures that may be causing pipeline stages to be re-executed.,
blk_-3797243824001506600,missing_events,0,blk_-3797243824001506600,This block is missing critical pipeline events that are present in every healthy HDFS block operation. The replication pipeline was cut short before it could complete — the block was never fully written or confirmed.,"The pipeline was aborted mid-execution due to a DataNode crash or memory issue (E22), network disconnection (E5), or NameNode RPC timeout (E5).","Historical cases (Case 1, Case 2, Case 3) show similar missing_events anomalies with identical event sequences (E22 -> E5 or E5 -> E22).",missing_events,0.66,medium,Check DataNode logs for crashes or memory issues. | Verify network connectivity between DataNodes and the NameNode.,Monitor NameNode RPC timeouts and adjust client timeouts as needed. | Review block replication pipeline logs for any errors or interruptions.,Run a data integrity check on the affected block using the `hdfs fsck` command. | Consider re-replicating the block to ensure data consistency.,
blk_-6554481336966240622,missing_events,6,blk_-6554481336966240622,This block is missing critical pipeline events that are present in every healthy HDFS block operation. The replication pipeline was cut short before it could complete — the block was never fully written or confirmed.,"The pipeline was aborted mid-execution due to a DataNode crashing or running out of memory during the write (E7), a network disconnection severing the replication pipeline between DataNodes, or the NameNode RPC timing out and the client giving up before all replicas were confirmed.","Historical cases (Case 1, Case 2, Case 3) show similar missing events (E11, E26, E9) with a sequence of E22 -> E5, indicating a consistent issue with pipeline completion.",missing_events,0.71,medium,Check DataNode logs for crashes or memory issues during the write operation. | Verify network connectivity between DataNodes and the NameNode.,Review NameNode RPC logs for timeouts and client retries. | Analyze pipeline thread logs for race conditions or partial network failures.,Check block replication status and confirm replicas with the NameNode. | Inspect the block for corruption or partial data.,
blk_-2960077722173004125,missing_events,4,blk_-2960077722173004125,This block is missing critical pipeline events that are present in every healthy HDFS block operation. The replication pipeline was cut short before it could complete — the block was never fully written or confirmed.,The pipeline was aborted mid-execution due to a DataNode crash or network disconnection (E7) after a normal start of a pipeline write (E5) and block allocation (E22).,"Historical cases (Case 1, Case 2, Case 3) show similar patterns of missing events (E11, E26, E9) in blocks with the same anomaly type.",missing_events,0.71,medium,Check DataNode logs for crashes or memory issues during the write operation. | Verify network connectivity between DataNodes and the NameNode.,Review client logs for idempotent retries or timeout issues. | Analyze pipeline thread logs for potential race conditions.,Check for partial network failures that may have caused some pipeline stages to be re-executed. | Verify that the NameNode has a confirmed replica for this block.,
blk_6604728773479221839,missing_events,0,blk_6604728773479221839,This block is missing critical pipeline events that are present in every healthy HDFS block operation. The replication pipeline was cut short before it could complete — the block was never fully written or confirmed.,"The pipeline was aborted mid-execution due to a DataNode crash or memory issue (E5), network disconnection (E5), or NameNode RPC timeout (E22).","Historical cases (Case 1, Case 2, Case 3) show similar missing events (E11, E26, E9) in blocks with the same sequence (E22 -> E5).",missing_events,0.66,medium,Check DataNode logs for crashes or memory issues. | Verify network connectivity between DataNodes.,Increase NameNode RPC timeout to prevent premature client disconnect. | Implement DataNode health checks to prevent write failures.,Monitor block replication progress to detect potential issues. | Regularly inspect DataNode memory usage to prevent crashes.,
blk_-4969303299923717599,missing_events,0,blk_-4969303299923717599,This block is missing critical pipeline events that are present in every healthy HDFS block operation. The replication pipeline was cut short before it could complete — the block was never fully written or confirmed.,"The pipeline was aborted mid-execution due to a DataNode crash, memory issue, network disconnection, or NameNode RPC timeout (as evidenced by missing events E11, E26, and E9).","Historical cases (Case 1, Case 2, Case 3) show similar missing_events anomalies with identical event sequences (E22 -> E5 or E5 -> E22).",missing_events,0.66,medium,Immediately inspect the block for corruption or partial writing. | Verify the NameNode has a confirmed replica for this block.,Check DataNode logs for crashes or memory issues during the write. | Investigate network connectivity between DataNodes during the replication pipeline.,Review NameNode RPC logs for timeouts during the write. | Check client logs for any errors or disconnects during the write.,
blk_8717072267468231918,repetition,32868,blk_8717072267468231918,"This block shows excessive repetition of one or more events, far beyond what a healthy HDFS replication pipeline produces. The system is stuck in a retry loop rather than completing normally.","The DataNode is repeatedly failing and retrying the same operation, typically caused by unstable network connection between DataNodes causing packet loss and checksum failures, a DataNode disk that is slow or nearly full triggering repeated write retries, or a replication factor that cannot be satisfied because too few healthy DataNodes are available.","Historical cases (Case 1, Case 2, Case 3) show similar patterns of repetition and high latency, indicating a recurring issue.",repetition,0.87,high,Increase replication factor to ensure sufficient healthy DataNodes are available. | Monitor DataNode disk space and network connectivity to prevent slow or nearly full disks and packet loss.,Review block metadata and ensure it is up-to-date and accurate. | Check for any configuration issues that may be causing the DataNode to fail and retry operations.,Verify that the DataNode is properly configured and running with the latest software version. | Check the DataNode's network settings and ensure it can communicate with other DataNodes and the NameNode.,
blk_8398325026949583934,repetition,32387,blk_8398325026949583934,"This block shows excessive repetition of one or more events, far beyond what a healthy HDFS replication pipeline produces. The system is stuck in a retry loop rather than completing normally.","The DataNode is repeatedly failing and retrying the same operation, typically caused by unstable network connection between DataNodes causing packet loss and checksum failures, a DataNode disk that is slow or nearly full triggering repeated write retries, or a replication factor that cannot be satisfied because too few healthy DataNodes are available. Evidence includes repeated E11 (PacketResponder thread termination) and E4 (exception while serving) events.","This block's behavior is consistent with historical cases (Case 1, Case 2, Case 3) where repetition and high latency were observed.",repetition,0.93,high,Increase replication factor to ensure sufficient healthy DataNodes are available. | Monitor DataNode disk usage and ensure they are not nearly full.,Verify network connectivity between DataNodes and ensure packet loss is minimal. | Check DataNode configuration for any settings that may be contributing to the issue.,Check NameNode logs for any errors or warnings related to block allocation or deletion. | Verify that the block in question is not a duplicate or a result of a previous failure.,
blk_-3800595472166056394,repetition,51072,blk_-3800595472166056394,"This block shows excessive repetition of one or more events, far beyond what a healthy HDFS replication pipeline produces. The system is stuck in a retry loop rather than completing normally.","The DataNode is repeatedly failing and retrying the same operation. This is typically caused by unstable network connection between DataNodes causing packet loss and checksum failures, a DataNode disk that is slow or nearly full triggering repeated write retries, or a replication factor that cannot be satisfied because too few healthy DataNodes are available. Evidence includes repeated E5 (DataNode started receiving a new block), E11 (PacketResponder thread terminated), and E26 (block metadata updated) events.","This block shows similar characteristics to historical cases (Case 1, Case 2, Case 3) with high latency and repetition. The latency is 1064x slower than the baseline.",repetition,0.93,high,Increase the replication factor to ensure that there are enough healthy DataNodes to satisfy the replication requirement. | Monitor DataNode disk usage and ensure that they are not running low on space.,Check the network connection between DataNodes and ensure that it is stable. | Monitor JVM garbage collection and ensure that it is not causing any issues.,Check the CPU and memory usage of DataNodes and ensure that they are not under heavy pressure. | Monitor the pipeline for any stalls or delays.,
blk_-1021695699039097568,repetition,9270,blk_-1021695699039097568,"This block shows excessive repetition of one or more events, far beyond what a healthy HDFS replication pipeline produces. The system is stuck in a retry loop rather than completing normally.","The DataNode is repeatedly failing and retrying the same operation. This is typically caused by: unstable network connection between DataNodes causing packet loss and checksum failures, a DataNode disk that is slow or nearly full triggering repeated write retries, or a replication factor that cannot be satisfied because too few healthy DataNodes are available. (Events E26 repeated 5 times, E11 repeated 3 times, E9 repeated 3 times)","Historical cases show similar patterns of repetition and high latency (Case 1: blk_-5372245733482727323, Case 2: blk_1070960099830960091, Case 3: blk_-5260566652773942600).",repetition,0.8,high,"Check the network connection between DataNodes and ensure it is stable. | Verify that DataNode disks are not slow or nearly full, and consider increasing storage capacity if necessary.",Review the replication factor and ensure it can be satisfied with the available healthy DataNodes. | Monitor DataNode CPU and network bandwidth usage to prevent retry storms.,Check the block's metadata for any inconsistencies or errors. | Verify that the block's replication is complete and successful.,
blk_1913404323370443729,repetition,6151,blk_1913404323370443729,"This block shows excessive repetition of one or more events, far beyond what a healthy HDFS replication pipeline produces. The system is stuck in a retry loop rather than completing normally.","The DataNode is repeatedly failing and retrying the same operation, typically caused by unstable network connection between DataNodes causing packet loss and checksum failures, a DataNode disk that is slow or nearly full triggering repeated write retries, or a replication factor that cannot be satisfied because too few healthy DataNodes are available. (E5 -> E11 -> E9 -> E26)","This block's latency (6151 ms) is higher than the average latency of similar historical cases (Case 1: 52403 ms, Case 2: 51016 ms, Case 3: 53107 ms).",repetition,0.73,medium,"Increase the replication factor to ensure that the block is replicated across multiple DataNodes. | Verify that the DataNode disk is not slow or nearly full, and consider increasing the disk space or replacing the disk if necessary.",Check the network connection between DataNodes and ensure that it is stable and not causing packet loss or checksum failures. | Monitor the DataNode CPU and network bandwidth usage to identify any potential bottlenecks.,"Verify that the block is not being deleted prematurely, and consider increasing the block deletion timeout if necessary. | Check the NameNode configuration to ensure that it is correctly configured for block replication.",
